,Captain/Vice Captain
5740,1
20252,1
11224,1
4779,1
11599,1
14649,1
15624,1
7274,1
3039,1
667,1
1881,1
13178,1
16134,1
20094,1
2748,1
4927,1
11935,1
3866,1
421,1
8885,1
16678,1
14878,1
18808,1
14710,1
2320,1
15639,1
8006,1
19416,1
1335,1
15922,1
1358,1
9586,1
6313,1
5910,1
12704,1
7532,1
5166,1
12267,1
17364,1
10355,1
4168,1
13417,1
4201,1
20141,1
15661,1
19017,1
7454,1
1526,1
134,1
1385,1
11165,1
14642,1
3610,1
17167,1
5332,1
7327,1
16961,1
7064,1
14887,1
19637,1
4312,1
2717,1
20279,1
19662,1
10543,1
3157,1
18416,1
14243,1
11048,1
16415,1
6771,1
12467,1
9198,1
14651,1
12986,1
5423,1
7996,1
15469,1
5102,1
6970,1
13742,1
5432,1
19767,1
11456,1
6130,1
16681,1
6710,1
6966,1
14218,1
12979,1
2208,1
18689,1
17423,1
19929,1
3334,1
14288,1
4038,1
4915,1
9112,1
5380,1
8972,1
11172,1
1509,1
14368,1
7942,1
6817,1
14331,1
20424,1
10329,1
4957,1
14034,1
12720,1
2552,1
19872,1
15911,1
5232,1
12841,1
6262,1
18746,1
8925,1
8755,1
12042,1
4718,1
3506,1
3754,1
6669,1
5556,1
1228,1
2516,1
9888,1
11583,1
11259,1
16782,1
2815,1
9862,1
19054,1
17777,1
3764,1
8374,1
13924,1
10761,1
6647,1
18108,1
7820,1
999,1
21422,1
12128,1
18277,1
14772,1
4034,1
8375,1
13723,1
16080,1
491,1
13023,1
6610,1
1944,1
17474,1
17012,1
1143,1
16600,1
11555,1
3568,1
6287,1
11961,1
9484,1
4298,1
7931,1
17020,1
887,1
16901,1
8592,1
21604,1
14436,1
2582,1
8362,1
13241,1
21529,1
5720,1
18764,1
18732,1
1133,1
6894,1
9121,1
17073,1
14860,1
21508,1
7051,1
15006,1
20765,1
20363,1
10247,1
2039,1
7360,1
3295,1
8603,1
13936,1
20068,1
12643,1
19209,1
6097,1
19770,1
15568,1
5709,1
4744,1
8350,1
10511,1
6438,1
5161,1
19580,1
18735,1
9160,1
2352,1
2511,1
9889,1
3368,1
20990,1
4552,1
16699,1
11643,1
7988,1
8320,1
11889,1
7429,1
15926,1
10205,1
7145,1
9405,1
5543,1
8787,1
5585,1
1833,1
20042,1
11655,1
17444,1
17128,1
13686,1
18176,1
12835,1
18443,1
1791,1
2390,1
7048,1
7221,1
17802,1
16490,1
19712,1
17728,1
6208,1
17973,1
7113,1
19108,1
10563,1
4210,1
13937,1
18948,1
11442,1
8988,1
4841,1
14126,1
11517,1
19907,1
11162,1
6351,1
2020,1
8956,1
9134,1
1773,1
5181,1
16881,1
16248,1
1564,1
15121,1
11682,1
9207,1
14314,1
8329,1
20182,1
2332,1
11325,1
17946,1
14269,1
10884,1
14374,1
1319,1
832,1
19454,1
11300,1
17701,1
8516,1
13327,1
5795,1
14592,1
8089,1
9913,1
12499,1
3297,1
2613,1
14511,1
5379,1
9262,1
10230,1
15009,1
4717,1
19533,1
11997,1
10750,1
16806,1
5882,1
18914,1
12473,1
4064,1
13072,1
13664,1
20154,1
3186,1
10380,1
1696,1
461,1
19954,1
4453,1
14544,1
4766,1
3811,1
8895,1
10501,1
21224,1
14484,1
3024,1
6709,1
5839,1
5403,1
6279,1
10745,1
7112,1
397,1
15958,1
15083,1
15483,1
5947,1
19496,1
14731,1
14196,1
45,1
7937,1
20282,1
7960,1
8040,1
14202,1
13373,1
12618,1
4656,1
20132,1
11532,1
19526,1
11553,1
15274,1
19519,1
13925,1
17513,1
11095,1
14220,1
10081,1
17404,1
19214,1
11279,1
21528,1
17382,1
12322,1
6462,1
2709,1
6350,1
17483,1
11493,1
21476,1
7484,1
3711,1
13465,1
6644,1
19338,1
13329,1
10901,1
5058,1
11202,1
20296,1
14589,1
5116,1
20504,1
12495,1
5095,1
8449,1
5708,1
15268,1
3609,1
500,1
17904,1
3356,1
4074,1
5437,1
1479,1
18344,1
14523,1
9851,1
18933,1
4483,1
13717,1
2933,1
14045,1
17512,1
5099,1
2562,1
3560,1
16677,1
9946,1
9673,1
16046,1
17152,1
21274,1
8026,1
11512,1
15425,1
11988,1
10898,1
10281,1
4079,1
13119,1
16614,1
11316,1
13767,1
1936,1
5679,1
5055,1
10274,1
10388,1
5158,1
19041,1
15773,1
12031,1
352,1
6381,1
6074,1
15548,1
20934,1
10808,1
10915,1
357,1
676,1
10816,1
14811,1
12926,1
8798,1
6296,1
17171,1
6249,1
9240,1
3556,1
7837,1
19152,1
1393,1
19643,1
12716,1
17668,1
13794,1
3483,1
8850,1
13184,1
16438,1
21105,1
7804,1
11233,1
20303,1
14318,1
17266,1
13981,1
12013,1
21384,1
6925,1
5652,1
3617,1
13456,1
21111,1
21178,1
17477,1
11688,1
8873,1
13102,1
17505,1
2121,1
15587,1
13720,1
20762,1
15348,1
13848,1
5090,1
5527,1
7957,1
4012,1
7262,1
6757,1
8840,1
2803,1
15468,1
11448,1
1010,1
16074,1
14255,1
10257,1
12295,1
3715,1
12776,1
16712,1
18201,1
20946,1
8716,1
3825,1
7115,1
950,1
10199,1
20199,1
19772,1
19126,1
8782,1
19336,1
3414,1
4451,1
11084,1
805,1
2237,1
16588,1
9827,1
9563,1
15220,1
18955,1
13645,1
15129,1
4742,1
18634,1
7815,1
4181,1
19136,1
17217,1
7503,1
6633,1
14067,1
12573,1
17347,1
4273,1
17398,1
583,1
7962,1
18245,1
4556,1
1660,1
1555,1
556,1
15594,1
18615,1
9155,1
15872,1
15438,1
4352,1
9549,1
2350,1
11283,1
18124,1
18483,1
18278,1
1562,1
2225,1
747,1
15954,1
3851,1
8070,1
1588,1
7082,1
18146,1
10952,1
13335,1
296,1
6564,1
10621,1
18085,1
19658,1
773,1
19825,1
11028,1
13978,1
18834,1
11722,1
2696,1
14996,1
1662,1
5491,1
6205,1
2252,1
8118,1
4196,1
2478,1
13737,1
17354,1
4418,1
19392,1
18016,1
17970,1
13790,1
841,1
13189,1
16015,1
20375,1
5978,1
15508,1
4356,1
5135,1
15823,1
3646,1
4160,1
9421,1
2229,1
8597,1
3727,1
19220,1
1508,1
20692,1
17077,1
9671,1
10796,1
6508,1
3656,1
13428,1
1667,1
2645,1
7860,1
12319,1
16970,1
6699,1
17466,1
8678,1
10542,1
4261,1
11575,1
19293,1
11179,1
6266,1
7086,1
8882,1
13302,1
9975,1
5521,1
16492,1
10452,1
17941,1
12815,1
20624,1
18878,1
5022,1
20163,1
16083,1
17673,1
6863,1
21183,1
5744,1
14416,1
6670,1
13758,1
11829,1
15743,1
20988,1
8978,1
12419,1
20638,1
14877,1
12440,1
4837,1
4075,1
5272,1
1655,1
9379,1
8397,1
9191,1
8727,1
15385,1
11741,1
2045,1
14602,1
6775,1
20475,1
11966,1
21149,1
14546,1
2659,1
18817,1
1691,1
10687,1
17620,1
11210,1
18913,1
6045,1
5869,1
11804,1
21281,1
21389,1
6516,1
18172,1
7848,1
1247,1
1541,1
5111,1
15839,1
12709,1
8957,1
10210,1
13551,1
6760,1
7160,1
16751,1
20387,1
363,1
18592,1
14049,1
1402,1
18116,1
13709,1
14674,1
18987,1
4468,1
2988,1
6011,1
521,1
21262,1
13207,1
4101,1
4266,1
6138,1
5201,1
10419,1
10835,1
120,1
5668,1
19107,1
19128,1
20888,1
2393,1
18038,1
8410,1
2777,1
12795,1
17844,1
749,1
2598,1
19447,1
2973,1
12280,1
6773,1
4910,1
14872,1
1123,1
6790,1
10683,1
6102,1
16136,1
13987,1
10968,1
5722,1
6261,1
211,1
11826,1
14512,1
21135,1
20010,1
4585,1
15626,1
7778,1
13043,1
17499,1
3139,1
12656,1
8930,1
2855,1
7667,1
975,1
19734,1
20196,1
13579,1
11576,1
10466,1
13305,1
9562,1
11897,1
19182,1
17702,1
1609,1
16732,1
16717,1
5781,1
10354,1
19225,1
6651,1
8541,1
14694,1
14206,1
3177,1
2255,1
12279,1
9837,1
18591,1
17246,1
2827,1
13221,1
12188,1
1344,1
14924,1
2503,1
10295,1
13683,1
14817,1
19012,1
12663,1
3228,1
3164,1
12150,1
13393,1
10942,1
11915,1
6594,1
10974,1
21379,1
5085,1
13224,1
12739,1
2420,1
333,1
5538,1
14223,1
11231,1
437,1
16893,1
21206,1
12344,1
5902,1
14398,1
21610,1
3125,1
6835,1
13514,1
13746,1
6881,1
14638,1
15735,1
21009,1
6405,1
15652,1
21446,1
3621,1
1680,1
2439,1
13209,1
13286,1
9921,1
3988,1
15222,1
4505,1
2086,1
5951,1
21425,1
4177,1
7453,1
12394,1
19841,1
17327,1
6348,1
3374,1
3315,1
11877,1
19983,1
14153,1
9181,1
17883,1
9089,1
2971,1
19020,1
10710,1
21181,1
13875,1
21603,1
3589,1
21258,1
874,1
9099,1
5844,1
35,1
21375,1
6625,1
20561,1
13081,1
5917,1
8231,1
3639,1
12136,1
14885,1
14553,1
9722,1
19991,1
2904,1
5324,1
7876,1
6885,1
21113,1
2397,1
8087,1
20033,1
20151,1
18960,1
17836,1
2632,1
10022,1
5767,1
3222,1
11307,1
630,1
13582,1
15912,1
2362,1
15341,1
6080,1
221,1
12501,1
18843,1
3608,1
13026,1
5172,1
5551,1
20176,1
1375,1
7807,1
18604,1
10971,1
858,1
5666,1
19164,1
5368,1
17959,1
5650,1
19723,1
10814,1
4329,1
4749,1
6415,1
1579,1
12146,1
8482,1
9808,1
16087,1
11461,1
452,1
7389,1
9001,1
1636,1
14390,1
16469,1
10862,1
4163,1
12234,1
3663,1
4184,1
5696,1
17956,1
18696,1
1160,1
6360,1
6530,1
19678,1
18070,1
12290,1
14352,1
13595,1
12964,1
4299,1
7179,1
3709,1
6136,1
725,1
8842,1
538,1
16153,1
16877,1
2788,1
3291,1
17039,1
8967,1
16023,1
1001,1
10254,1
8378,1
2104,1
5493,1
9728,1
14927,1
8193,1
14353,1
502,1
13941,1
4603,1
8848,1
15999,1
7700,1
14997,1
6914,1
5241,1
16147,1
15194,1
19891,1
7298,1
2799,1
8530,1
7547,1
5727,1
15206,1
1790,1
14525,1
14424,1
5630,1
5912,1
1337,1
5660,1
3622,1
17352,1
18437,1
13601,1
9110,1
13626,1
9297,1
20808,1
1098,1
8938,1
15575,1
21531,1
19906,1
19384,1
8522,1
21500,1
3846,1
20060,1
12869,1
19566,1
18485,1
20527,1
2813,1
11437,1
9923,1
19388,1
16296,1
4062,1
1556,1
10948,1
7034,1
2098,1
6311,1
20534,1
7874,1
323,1
19647,1
20403,1
3776,1
6137,1
254,1
3523,1
3755,1
20280,1
4508,1
17969,1
12317,1
20262,1
19777,1
15362,1
6354,1
15637,1
6390,1
767,1
19003,1
19437,1
14008,1
15137,1
9506,1
2200,1
19698,1
5281,1
2234,1
12782,1
14334,1
5253,1
15596,1
7846,1
4111,1
8773,1
3389,1
2335,1
5404,1
13698,1
20691,1
19635,1
3642,1
15884,1
7850,1
18952,1
4185,1
13849,1
15836,1
128,1
2856,1
15070,1
14874,1
10083,1
2706,1
14978,1
8439,1
20015,1
2375,1
21589,1
2411,1
18597,1
7612,1
18801,1
17371,1
14745,1
17835,1
20160,1
20897,1
4252,1
1048,1
1418,1
3391,1
6763,1
18260,1
7971,1
7267,1
16911,1
13745,1
11513,1
12836,1
18884,1
18627,1
5390,1
13814,1
21172,1
14749,1
7177,1
7940,1
4612,1
6132,1
16792,1
10005,1
11380,1
3007,1
17226,1
3480,1
8325,1
9130,1
14265,1
7952,1
18659,1
9487,1
15486,1
16009,1
11009,1
9783,1
7204,1
6378,1
12442,1
19105,1
17458,1
18867,1
6275,1
9853,1
19618,1
465,1
20414,1
8781,1
8907,1
13318,1
7468,1
11061,1
11998,1
3748,1
7782,1
2903,1
3945,1
18598,1
16268,1
20287,1
7198,1
4610,1
4361,1
11666,1
1545,1
13545,1
17125,1
6318,1
9841,1
16883,1
473,1
1441,1
12713,1
1071,1
4582,1
9126,1
6654,1
20501,1
17023,1
21537,1
10134,1
9246,1
3935,1
18623,1
21561,1
5409,1
7721,1
17976,1
16746,1
2196,1
8163,1
18254,1
7430,1
20189,1
12089,1
10222,1
1871,1
19743,1
12529,1
4212,1
8170,1
13957,1
16429,1
2723,1
183,1
19796,1
10494,1
20963,1
11707,1
1019,1
1975,1
17951,1
8321,1
14722,1
9547,1
16852,1
1589,1
1078,1
717,1
2055,1
7015,1
8437,1
15260,1
6058,1
15972,1
6454,1
12992,1
18480,1
9777,1
18958,1
17501,1
11280,1
17587,1
14921,1
422,1
5077,1
1527,1
15045,1
2871,1
5263,1
2386,1
18990,1
20395,1
2968,1
10932,1
6522,1
7918,1
21315,1
897,1
10672,1
14597,1
19227,1
1034,1
13651,1
4780,1
18207,1
1212,1
20432,1
16377,1
16098,1
19992,1
19592,1
3870,1
9934,1
5146,1
9409,1
8056,1
14175,1
13948,1
15674,1
11656,1
9519,1
15279,1
11342,1
10352,1
10061,1
18518,1
337,1
2449,1
5230,1
3645,1
3972,1
9950,1
10738,1
9690,1
4190,1
7552,1
19524,1
12805,1
2600,1
3444,1
13567,1
5967,1
9507,1
21337,1
19498,1
5570,1
5159,1
332,1
19470,1
15430,1
12075,1
3698,1
395,1
20931,1
11705,1
10842,1
20315,1
4565,1
12538,1
14264,1
15552,1
1780,1
2258,1
1895,1
7725,1
1751,1
17663,1
3978,1
20232,1
20226,1
10739,1
4877,1
8502,1
5367,1
6162,1
17160,1
7343,1
13914,1
19315,1
10330,1
21544,1
15784,1
20778,1
15283,1
14766,1
10726,1
12310,1
15160,1
11042,1
9856,1
7783,1
16298,1
18027,1
4084,1
21136,1
5431,1
1853,1
12600,1
19365,1
12598,1
13375,1
14116,1
18982,1
14023,1
14454,1
16376,1
17619,1
15432,1
21021,1
9186,1
9217,1
9618,1
2960,1
13616,1
17059,1
16648,1
15440,1
15813,1
17121,1
10549,1
1699,1
19536,1
9779,1
15752,1
11698,1
11844,1
12404,1
9708,1
7433,1
5732,1
4902,1
8849,1
10663,1
8344,1
19013,1
8822,1
1809,1
18293,1
32,1
9574,1
658,1
3055,1
12172,1
21320,1
11876,1
11249,1
6617,1
9140,1
11155,1
16027,1
9280,1
18195,1
9325,1
10019,1
19781,1
7915,1
2544,1
13838,1
9024,1
21186,1
15564,1
12636,1
12989,1
250,1
19693,1
10882,1
7344,1
8000,1
15853,1
9147,1
682,1
4553,1
10774,1
20822,1
19464,1
15169,1
11466,1
12090,1
3113,1
18288,1
2684,1
12951,1
17539,1
20413,1
5394,1
7689,1
967,1
6732,1
10927,1
3625,1
18431,1
17024,1
20497,1
14370,1
3115,1
7017,1
5653,1
7589,1
1447,1
15799,1
11673,1
5154,1
20180,1
6443,1
6450,1
4325,1
2672,1
4637,1
116,1
20777,1
4566,1
5398,1
21301,1
2351,1
17007,1
21074,1
9874,1
3615,1
5182,1
18018,1
14999,1
3724,1
15622,1
7335,1
12550,1
14280,1
8463,1
15551,1
13747,1
15336,1
16364,1
10667,1
4221,1
1384,1
6321,1
11432,1
21215,1
2224,1
1873,1
19006,1
8528,1
1485,1
7587,1
15686,1
2826,1
4795,1
19065,1
17847,1
12427,1
4327,1
8427,1
9982,1
2888,1
5671,1
9058,1
20004,1
7162,1
8874,1
21244,1
10925,1
7908,1
7701,1
5548,1
12978,1
19218,1
10311,1
6259,1
11593,1
7784,1
2287,1
2123,1
16986,1
5640,1
1193,1
2284,1
9066,1
7215,1
19101,1
7407,1
14232,1
8424,1
2617,1
10087,1
12207,1
4997,1
9238,1
19204,1
4640,1
8050,1
19216,1
10854,1
7794,1
9108,1
12507,1
21157,1
11794,1
2340,1
10759,1
8432,1
8643,1
10775,1
1771,1
20062,1
17759,1
10713,1
13378,1
17948,1
18351,1
8078,1
13777,1
1397,1
16012,1
2703,1
2811,1
8621,1
16919,1
2872,1
13271,1
10310,1
6412,1
20459,1
8476,1
15179,1
19337,1
5798,1
16276,1
16488,1
1109,1
17427,1
269,1
12505,1
18157,1
20247,1
16258,1
17870,1
17515,1
20947,1
8572,1
21235,1
8936,1
6024,1
8661,1
6153,1
13218,1
15449,1
9594,1
8028,1
12743,1
7687,1
15586,1
7693,1
5147,1
55,1
7350,1
3838,1
8373,1
4716,1
19375,1
724,1
6202,1
18554,1
6200,1
11958,1
1308,1
18722,1
14819,1
16176,1
20928,1
11073,1
10228,1
18804,1
12868,1
11098,1
4963,1
1584,1
8659,1
19664,1
1209,1
17105,1
11257,1
7062,1
9127,1
140,1
3848,1
16950,1
3518,1
15971,1
8584,1
8820,1
5354,1
2434,1
11871,1
13722,1
21279,1
16244,1
2170,1
4256,1
4124,1
10502,1
11246,1
6736,1
19156,1
11472,1
17434,1
1774,1
16096,1
12490,1
15484,1
13009,1
12103,1
8084,1
7347,1
7301,1
5225,1
14050,1
18398,1
5859,1
19289,1
17218,1
14900,1
4613,1
4533,1
8179,1
20654,1
16499,1
8917,1
7451,1
7427,1
14245,1
20815,1
10569,1
16406,1
5224,1
6096,1
1273,1
16680,1
12257,1
18749,1
12362,1
14291,1
10483,1
5301,1
9310,1
16393,1
9651,1
2483,1
14890,1
10475,1
19275,1
13865,1
12893,1
6216,1
18303,1
6155,1
6213,1
16291,1
16240,1
20750,1
17204,1
1574,1
7133,1
13639,1
8063,1
18426,1
3565,1
6533,1
12245,1
1248,1
213,1
8206,1
13841,1
17165,1
15345,1
6577,1
1502,1
2323,1
17890,1
17810,1
20628,1
18174,1
438,1
5807,1
4117,1
13771,1
8425,1
14573,1
2080,1
10846,1
13486,1
1107,1
20636,1
17504,1
18001,1
13084,1
21242,1
20855,1
19123,1
338,1
7970,1
2804,1
6404,1
4302,1
7819,1
8625,1
8429,1
12197,1
14346,1
8370,1
89,1
17874,1
7661,1
10863,1
18995,1
3812,1
13485,1
13550,1
19574,1
1628,1
10583,1
17720,1
18905,1
15207,1
1102,1
17250,1
1130,1
8444,1
20091,1
10149,1
21031,1
20431,1
5300,1
21012,1
1986,1
3903,1
1251,1
18688,1
1495,1
19823,1
4627,1
3044,1
12194,1
17310,1
5565,1
19005,1
14286,1
13015,1
13111,1
3111,1
2274,1
17613,1
14962,1
10412,1
20299,1
12944,1
4318,1
14061,1
7168,1
2654,1
13004,1
18701,1
8593,1
7622,1
8941,1
20320,1
21032,1
19273,1
12919,1
3618,1
9226,1
21586,1
17832,1
4952,1
15481,1
18500,1
14681,1
14108,1
15856,1
17308,1
15569,1
16352,1
9197,1
19467,1
12208,1
15676,1
13087,1
6582,1
224,1
3516,1
5282,1
19586,1
597,1
7801,1
14046,1
4442,1
7287,1
16042,1
4911,1
517,1
6879,1
8953,1
18700,1
11060,1
11228,1
6124,1
11368,1
12371,1
19298,1
16937,1
2133,1
14036,1
13247,1
6948,1
12307,1
17089,1
15299,1
2299,1
3999,1
5383,1
3847,1
4823,1
2261,1
17239,1
483,1
14875,1
60,1
18096,1
5469,1
19208,1
11414,1
10260,1
20317,1
3252,1
355,1
19852,1
3524,1
15584,1
8259,1
2058,1
8778,1
18410,1
10557,1
2164,1
1688,1
21063,1
14540,1
14988,1
7248,1
911,1
18315,1
2409,1
15111,1
7382,1
15411,1
6468,1
17281,1
4000,1
10267,1
2718,1
3717,1
1451,1
10369,1
692,1
11603,1
6532,1
19341,1
14633,1
4688,1
6789,1
12974,1
14529,1
2987,1
856,1
14336,1
19502,1
203,1
18672,1
5180,1
7403,1
13826,1
9985,1
6581,1
3410,1
16959,1
3239,1
4558,1
936,1
12061,1
19707,1
7263,1
17078,1
18389,1
1505,1
7224,1
6488,1
7069,1
11214,1
9675,1
4348,1
2577,1
21540,1
6370,1
12680,1
1138,1
14259,1
7917,1
16184,1
4943,1
9527,1
13339,1
17704,1
13627,1
20482,1
9257,1
15913,1
6860,1
7371,1
3780,1
21432,1
19686,1
3855,1
13422,1
9044,1
4307,1
10410,1
5571,1
10469,1
11969,1
3969,1
17843,1
16900,1
8213,1
21192,1
8489,1
8881,1
13371,1
17147,1
18998,1
13407,1
16922,1
19270,1
12526,1
21383,1
2193,1
3129,1
18714,1
21263,1
19035,1
20633,1
12890,1
9085,1
19680,1
1261,1
15071,1
11365,1
13537,1
7033,1
4429,1
16188,1
5122,1
11586,1
14323,1
1329,1
3183,1
20382,1
2385,1
5480,1
4518,1
13070,1
2496,1
3394,1
8139,1
6827,1
2482,1
17734,1
3648,1
7907,1
8660,1
15623,1
18340,1
18433,1
9835,1
10883,1
10709,1
6880,1
2631,1
3337,1
16382,1
2355,1
20105,1
8691,1
16887,1
13983,1
19036,1
4651,1
2280,1
13248,1
14931,1
14212,1
9660,1
4489,1
13500,1
3668,1
3833,1
17967,1
12767,1
2680,1
8460,1
7296,1
15245,1
20911,1
2476,1
12126,1
21193,1
16148,1
4390,1
11026,1
15914,1
18859,1
1305,1
6569,1
5745,1
15613,1
20143,1
279,1
5227,1
5205,1
11241,1
12039,1
20291,1
10604,1
13076,1
6310,1
16632,1
15072,1
13703,1
2602,1
17794,1
20671,1
17047,1
8283,1
6142,1
16727,1
12611,1
20134,1
3149,1
15819,1
6026,1
19531,1
7978,1
16894,1
13534,1
16844,1
14926,1
3624,1
11802,1
9824,1
8931,1
15990,1
15462,1
12274,1
9414,1
4156,1
5291,1
20458,1
260,1
20831,1
14952,1
20799,1
21142,1
15517,1
2400,1
6958,1
13832,1
15828,1
8630,1
8176,1
14289,1
1805,1
12675,1
20886,1
3348,1
15495,1
13083,1
12284,1
13175,1
15514,1
17209,1
10141,1
9467,1
21052,1
21058,1
12006,1
20202,1
4944,1
4913,1
5136,1
6280,1
18246,1
10652,1
16684,1
19916,1
14100,1
104,1
20590,1
10619,1
11896,1
10956,1
17721,1
10551,1
2919,1
19710,1
4674,1
5631,1
16897,1
8230,1
7161,1
12888,1
11940,1
12966,1
12049,1
10216,1
20444,1
12005,1
4689,1
4811,1
11806,1
14152,1
7704,1
58,1
19103,1
16771,1
15615,1
6777,1
17758,1
9200,1
11079,1
12457,1
13024,1
4198,1
13245,1
9205,1
13491,1
4809,1
391,1
2580,1
21173,1
10345,1
19868,1
9838,1
20920,1
7759,1
16111,1
7803,1
19224,1
10052,1
15228,1
13123,1
11536,1
9968,1
18947,1
11358,1
3659,1
10477,1
17143,1
6233,1
4606,1
19987,1
10654,1
7363,1
3644,1
7424,1
2499,1
13446,1
16833,1
19949,1
5402,1
5501,1
12147,1
15633,1
484,1
14391,1
19024,1
4166,1
10073,1
11785,1
10266,1
17858,1
6125,1
7877,1
5672,1
4848,1
18140,1
10735,1
6986,1
12492,1
9570,1
12705,1
18271,1
4750,1
21553,1
5953,1
17530,1
10624,1
6653,1
4,1
2106,1
7578,1
6274,1
8749,1
4575,1
11520,1
1794,1
6480,1
7932,1
17570,1
17688,1
3423,1
18310,1
21247,1
4226,1
20969,1
10764,1
4094,1
20404,1
5643,1
20782,1
11299,1
43,1
3535,1
9478,1
6288,1
16250,1
824,1
5349,1
3854,1
14016,1
10970,1
17124,1
15644,1
16605,1
7370,1
5117,1
10904,1
11832,1
3598,1
5723,1
10627,1
4912,1
420,1
12621,1
47,1
21435,1
20997,1
14163,1
4747,1
3958,1
2742,1
12512,1
18728,1
14379,1
9049,1
6066,1
20818,1
9313,1
9383,1
13655,1
15794,1
15364,1
20849,1
12923,1
16109,1
12236,1
2551,1
20970,1
18945,1
20450,1
3359,1
14435,1
2405,1
7859,1
8644,1
4053,1
13404,1
21452,1
17233,1
9588,1
737,1
849,1
5323,1
10259,1
1889,1
7748,1
20858,1
15524,1
21270,1
1783,1
5130,1
11771,1
10240,1
17649,1
15576,1
4615,1
5296,1
18962,1
9367,1
21393,1
3038,1
671,1
13837,1
12138,1
5632,1
20115,1
14538,1
9369,1
4227,1
2616,1
17286,1
6936,1
21300,1
8761,1
2215,1
20952,1
20173,1
21251,1
20895,1
10637,1
3463,1
5312,1
10682,1
19490,1
1482,1
7225,1
15463,1
17282,1
19859,1
2722,1
11650,1
12631,1
19633,1
5213,1
18965,1
2412,1
13890,1
10598,1
7039,1
4726,1
21022,1
4308,1
14003,1
3333,1
471,1
7618,1
17848,1
15095,1
8182,1
6851,1
14033,1
6164,1
10075,1
15815,1
6664,1
10937,1
15356,1
2198,1
20751,1
697,1
1208,1
13321,1
12092,1
14756,1
21005,1
6960,1
7156,1
445,1
15643,1
19442,1
20803,1
8316,1
10042,1
20069,1
3234,1
10675,1
19776,1
14000,1
15253,1
6442,1
4894,1
15389,1
5290,1
14453,1
10464,1
325,1
3268,1
6822,1
8315,1
19132,1
1469,1
8992,1
19068,1
3059,1
19530,1
14356,1
11232,1
5903,1
17064,1
7705,1
3710,1
16889,1
3159,1
21360,1
7474,1
299,1
21613,1
10336,1
18994,1
20333,1
12718,1
21443,1
946,1
11029,1
20365,1
17114,1
17038,1
6941,1
2071,1
1765,1
16186,1
12494,1
13802,1
1016,1
1947,1
15694,1
11600,1
647,1
12943,1
19237,1
16714,1
21454,1
1199,1
16706,1
19703,1
607,1
5477,1
16162,1
14136,1
8240,1
9933,1
3249,1
8419,1
18211,1
18800,1
6668,1
17771,1
17496,1
13562,1
13726,1
18950,1
883,1
15313,1
20565,1
10322,1
17490,1
2739,1
1386,1
14172,1
15264,1
3002,1
17419,1
10420,1
16998,1
765,1
12000,1
7822,1
10789,1
13770,1
464,1
12446,1
9520,1
17325,1
21150,1
4324,1
11038,1
4486,1
21214,1
11591,1
17766,1
14120,1
8969,1
1190,1
13451,1
5162,1
20567,1
1284,1
12399,1
19122,1
6109,1
10104,1
9463,1
4861,1
42,1
13649,1
10043,1
17695,1
12658,1
11784,1
5711,1
2679,1
3671,1
2114,1
1169,1
3137,1
9899,1
18060,1
11104,1
19469,1
3336,1
14029,1
16870,1
1394,1
18546,1
2686,1
16869,1
16174,1
2957,1
12165,1
8613,1
11753,1
7529,1
20218,1
91,1
6434,1
36,1
9431,1
17087,1
4628,1
21230,1
8547,1
5606,1
13836,1
734,1
2292,1
5599,1
19028,1
12514,1
18029,1
10277,1
11808,1
7773,1
6540,1
15567,1
11759,1
15413,1
12364,1
13236,1
6946,1
15170,1
9900,1
10120,1
2079,1
3452,1
4456,1
14347,1
4450,1
5941,1
11019,1
16300,1
11478,1
4386,1
12201,1
16475,1
4695,1
7523,1
5417,1
18319,1
14256,1
14377,1
8433,1
16955,1
9601,1
1940,1
2306,1
4614,1
17249,1
13858,1
21367,1
4945,1
678,1
19840,1
20660,1
18779,1
18422,1
10588,1
16635,1
5027,1
5612,1
18999,1
16379,1
13239,1
3635,1
7958,1
18,1
4876,1
18493,1
21287,1
7128,1
2858,1
8198,1
18230,1
4337,1
15398,1
10160,1
13618,1
11191,1
12908,1
674,1
11170,1
5915,1
18090,1
1368,1
15282,1
20641,1
1979,1
19650,1
21428,1
12685,1
15504,1
17545,1
3551,1
3878,1
4679,1
11906,1
1481,1
14936,1
15029,1
220,1
12939,1
17057,1
16277,1
1445,1
20092,1
19711,1
14698,1
9858,1
1801,1
20787,1
9040,1
7662,1
17192,1
15979,1
19958,1
21469,1
9895,1
20384,1
9283,1
14571,1
4512,1
11016,1
8227,1
1233,1
5439,1
18898,1
928,1
15647,1
14200,1
21123,1
6190,1
1906,1
12727,1
7780,1
4197,1
8734,1
4286,1
14052,1
399,1
3372,1
4497,1
13817,1
15638,1
1079,1
9981,1
19223,1
2542,1
872,1
9542,1
15964,1
15133,1
11268,1
13808,1
3237,1
16815,1
5023,1
19418,1
15978,1
14940,1
7835,1
3640,1
17468,1
3352,1
141,1
17603,1
15339,1
4072,1
14490,1
8485,1
8587,1
2145,1
5229,1
3267,1
1496,1
6805,1
1419,1
2857,1
284,1
3973,1
14725,1
13063,1
10715,1
531,1
15761,1
14609,1
15602,1
17824,1
2896,1
5084,1
2470,1
11735,1
3104,1
20600,1
9757,1
10744,1
13365,1
14882,1
11373,1
21415,1
10155,1
7452,1
11578,1
7234,1
8306,1
12169,1
19425,1
11993,1
2493,1
15771,1
17740,1
3069,1
18602,1
13490,1
19853,1
8136,1
6206,1
10570,1
11143,1
16834,1
16799,1
19109,1
1766,1
12582,1
2994,1
21486,1
493,1
9461,1
17227,1
3400,1
11083,1
17240,1
17533,1
9372,1
9729,1
3046,1
14384,1
5794,1
5371,1
3887,1
3132,1
1009,1
21191,1
19721,1
16974,1
5217,1
20462,1
16898,1
17814,1
17326,1
14961,1
12046,1
2985,1
10823,1
20780,1
10371,1
11092,1
10001,1
21549,1
7414,1
16061,1
762,1
16495,1
7555,1
18184,1
14434,1
12334,1
18244,1
12470,1
20172,1
15421,1
15785,1
9440,1
20842,1
6395,1
11272,1
1111,1
5163,1
8837,1
9652,1
8412,1
20096,1
16762,1
8698,1
19924,1
11713,1
17564,1
5165,1
17173,1
1493,1
11146,1
10659,1
15265,1
3505,1
7201,1
2536,1
4947,1
10215,1
18131,1
21489,1
18567,1
16972,1
7851,1
21359,1
18725,1
9104,1
3929,1
20719,1
16063,1
16384,1
14662,1
9030,1
21232,1
960,1
1132,1
13812,1
19497,1
11870,1
3545,1
2800,1
5576,1
13669,1
1409,1
8381,1
20490,1
10264,1
13564,1
2317,1
18523,1
21243,1
10261,1
14760,1
16597,1
5540,1
9747,1
5200,1
8944,1
10206,1
9740,1
12892,1
7858,1
2210,1
2505,1
2901,1
9095,1
20605,1
16342,1
4118,1
8196,1
15233,1
14177,1
4799,1
2785,1
21457,1
16261,1
16960,1
1430,1
5647,1
19713,1
20850,1
2852,1
7151,1
12375,1
2736,1
6952,1
20479,1
8027,1
171,1
18290,1
12754,1
19716,1
4569,1
8699,1
3482,1
15578,1
18209,1
8780,1
572,1
14252,1
13128,1
20405,1
18448,1
9744,1
8563,1
3484,1
138,1
9828,1
4498,1
19417,1
4734,1
6071,1
10858,1
15930,1
4890,1
9261,1
2965,1
20483,1
17889,1
10601,1
6282,1
15454,1
9195,1
17699,1
13640,1
6502,1
5677,1
14856,1
21286,1
3496,1
3439,1
10036,1
1446,1
12479,1
8526,1
21062,1
8512,1
21019,1
19522,1
16536,1
3592,1
12258,1
16873,1
17760,1
2609,1
11710,1
14953,1
21585,1
21481,1
10673,1
18589,1
9276,1
20494,1
19538,1
2592,1
11281,1
11801,1
20230,1
8984,1
2802,1
2165,1
12958,1
17851,1
18815,1
3628,1
12247,1
7311,1
10935,1
9250,1
14970,1
4563,1
6515,1
12602,1
20917,1
9742,1
8836,1
11209,1
3457,1
17285,1
7014,1
9821,1
13630,1
14205,1
17745,1
21280,1
11356,1
7810,1
743,1
2779,1
17284,1
16786,1
14251,1
16065,1
9792,1
14283,1
8365,1
16988,1
7,1
18528,1
15941,1
19177,1
6591,1
16539,1
18841,1
18311,1
3526,1
16273,1
4494,1
6832,1
3666,1
8058,1
9891,1
15171,1
21563,1
5258,1
15231,1
19064,1
7109,1
16589,1
13577,1
14844,1
1067,1
6134,1
17231,1
6453,1
17790,1
12946,1
6355,1
5164,1
21366,1
5024,1
17130,1
3672,1
9209,1
15899,1
15790,1
14664,1
17396,1
6353,1
6706,1
14626,1
12561,1
17727,1
10374,1
8435,1
20766,1
19268,1
7230,1
11112,1
2192,1
4202,1
21040,1
17865,1
17063,1
4576,1
11286,1
15352,1
11353,1
14951,1
9396,1
577,1
16381,1
7805,1
3326,1
11447,1
5083,1
9920,1
6677,1
2829,1
16270,1
9749,1
17391,1
6845,1
12787,1
4345,1
13811,1
14001,1
6535,1
17886,1
4259,1
14901,1
12858,1
15310,1
17585,1
6716,1
14081,1
16491,1
18479,1
1522,1
7481,1
9403,1
4710,1
6284,1
14237,1
19193,1
11021,1
10346,1
8387,1
17995,1
6423,1
15991,1
3100,1
6882,1
14310,1
6681,1
12924,1
12817,1
7616,1
21194,1
2337,1
7806,1
9351,1
1943,1
15305,1
20704,1
13555,1
14165,1
9304,1
14582,1
13310,1
11443,1
20391,1
17174,1
16841,1
1245,1
18163,1
21319,1
1324,1
4539,1
19380,1
5750,1
744,1
1728,1
11438,1
8664,1
13276,1
8520,1
373,1
4506,1
4445,1
11168,1
20113,1
8801,1
10614,1
15186,1
15209,1
15863,1
5319,1
18034,1
3138,1
10700,1
7476,1
4039,1
15629,1
15173,1
8635,1
1203,1
15489,1
13658,1
15116,1
9174,1
5075,1
9178,1
475,1
10723,1
10767,1
7558,1
9702,1
21233,1
297,1
7929,1
16568,1
20793,1
19866,1
15085,1
1152,1
3403,1
15019,1
4351,1
3464,1
6444,1
7823,1
11424,1
17412,1
9231,1
10164,1
7556,1
4100,1
21606,1
10718,1
13458,1
11589,1
13255,1
8884,1
21120,1
19008,1
938,1
2364,1
16211,1
9115,1
3785,1
6185,1
18968,1
262,1
15215,1
12237,1
20981,1
1705,1
21143,1
3019,1
10799,1
233,1
3092,1
10591,1
18908,1
3041,1
15470,1
20039,1
8020,1
17500,1
12211,1
13228,1
7973,1
19674,1
7831,1
16835,1
13597,1
17884,1
9692,1
20811,1
12769,1
3481,1
18727,1
5925,1
6734,1
280,1
17589,1
9865,1
17506,1
13693,1
4971,1
21205,1
2727,1
21217,1
16602,1
19775,1
9201,1
11954,1
12715,1
19737,1
15460,1
11291,1
17826,1
15849,1
11426,1
13139,1
13690,1
5959,1
4211,1
21459,1
15904,1
17031,1
12437,1
2269,1
14666,1
13269,1
11275,1
2146,1
7571,1
15018,1
6746,1
18929,1
13016,1
11296,1
3775,1
9244,1
8079,1
19918,1
13143,1
7966,1
17103,1
7475,1
7402,1
13672,1
3996,1
7690,1
2034,1
17256,1
505,1
7498,1
16906,1
3843,1
17684,1
4315,1
16465,1
17614,1
10694,1
3310,1
18924,1
5032,1
9869,1
18632,1
14074,1
21592,1
2890,1
14238,1
7531,1
4046,1
11027,1
4866,1
18902,1
19967,1
4770,1
20505,1
1064,1
9785,1
7714,1
18763,1
13714,1
3830,1
6009,1
3190,1
6062,1
14387,1
4131,1
11331,1
20956,1
9517,1
13202,1
19993,1
13344,1
18751,1
17156,1
14055,1
2840,1
19138,1
13319,1
135,1
13535,1
10423,1
18643,1
18894,1
9223,1
12577,1
14217,1
11206,1
17787,1
5601,1
8914,1
10118,1
7646,1
15620,1
11326,1
18488,1
15562,1
14365,1
8452,1
17410,1
1635,1
19793,1
3079,1
17318,1
3382,1
19050,1
503,1
12503,1
1006,1
4504,1
16362,1
14225,1
5541,1
12335,1
8402,1
2024,1
8943,1
21361,1
2310,1
20948,1
6856,1
19927,1
7268,1
4127,1
14990,1
10011,1
10129,1
14803,1
9027,1
13341,1
15947,1
16710,1
15091,1
9604,1
19241,1
16289,1
17351,1
15537,1
6641,1
3330,1
2648,1
11726,1
19016,1
15874,1
13483,1
4412,1
10631,1
12180,1
13289,1
20588,1
8257,1
15641,1
14852,1
5155,1
6473,1
18041,1
20686,1
3013,1
12158,1
9480,1
19396,1
9148,1
625,1
19961,1
12549,1
14658,1
5347,1
4940,1
11839,1
4872,1
2251,1
8872,1
18754,1
14231,1
16321,1
19288,1
16164,1
13463,1
17298,1
21501,1
9571,1
4999,1
2725,1
9922,1
15837,1
2644,1
7926,1
12541,1
17084,1
770,1
424,1
8431,1
18059,1
4869,1
7722,1
21421,1
9912,1
8823,1
2594,1
15728,1
18775,1
4499,1
4850,1
18228,1
18875,1
2864,1
2155,1
12792,1
6342,1
19111,1
4132,1
10832,1
7987,1
3227,1
14765,1
8358,1
3273,1
5707,1
18429,1
13510,1
292,1
7104,1
1370,1
10553,1
19061,1
20447,1
19741,1
73,1
7935,1
423,1
9154,1
2158,1
2090,1
8996,1
7795,1
8705,1
20644,1
16081,1
2620,1
4698,1
4607,1
11580,1
6525,1
9511,1
16990,1
19952,1
10760,1
20678,1
13994,1
12914,1
6552,1
21238,1
7938,1
3596,1
19431,1
7864,1
14967,1
13695,1
21292,1
17670,1
2383,1
3294,1
6976,1
9268,1
12700,1
20061,1
10566,1
13946,1
16812,1
3949,1
20575,1
18043,1
9870,1
1117,1
15485,1
9528,1
14828,1
20277,1
13604,1
2938,1
6659,1
16280,1
2125,1
6362,1
9809,1
5931,1
18376,1
13648,1
208,1
6496,1
15809,1
14859,1
3920,1
14342,1
19206,1
17413,1
8212,1
2778,1
3677,1
17871,1
11337,1
13140,1
15408,1
7580,1
1792,1
15883,1
3777,1
16339,1
8229,1
726,1
1047,1
13338,1
13094,1
15353,1
2878,1
18879,1
20040,1
14802,1
9410,1
16482,1
15520,1
7255,1
12948,1
1073,1
11418,1
9706,1
17661,1
14161,1
6474,1
5702,1
12052,1
10616,1
17202,1
13036,1
6273,1
14557,1
20773,1
4680,1
16985,1
14717,1
15604,1
15621,1
2181,1
14056,1
102,1
11374,1
6635,1
6896,1
20295,1
2847,1
6212,1
18625,1
4319,1
18282,1
7750,1
7543,1
4470,1
15166,1
2833,1
409,1
1722,1
3927,1
15593,1
16958,1
1528,1
9067,1
5658,1
3728,1
18324,1
21338,1
6615,1
662,1
846,1
12613,1
15149,1
3470,1
19520,1
51,1
8057,1
4578,1
5535,1
9397,1
8203,1
736,1
1745,1
8237,1
5499,1
7977,1
2884,1
5575,1
753,1
12243,1
8833,1
867,1
19896,1
7456,1
447,1
6844,1
6143,1
10644,1
7163,1
17588,1
12826,1
5052,1
6660,1
20000,1
10523,1
17754,1
12520,1
14211,1
5313,1
19616,1
1204,1
129,1
5742,1
15657,1
17307,1
5492,1
16263,1
124,1
1294,1
850,1
12803,1
15001,1
18824,1
6366,1
20005,1
20484,1
16963,1
12123,1
16760,1
2418,1
10111,1
12629,1
7736,1
4916,1
9365,1
3057,1
4353,1
6035,1
14607,1
20306,1
17604,1
7679,1
18670,1
8531,1
1405,1
934,1
1002,1
7951,1
3128,1
19278,1
2036,1
19374,1
4350,1
14507,1
7752,1
3873,1
17846,1
14025,1
17464,1
2640,1
3195,1
13625,1
19657,1
10013,1
12102,1
969,1
3282,1
4238,1
12570,1
17634,1
4626,1
1651,1
9882,1
2236,1
14534,1
16660,1
966,1
10903,1
16615,1
5065,1
18755,1
5948,1
8586,1
7994,1
4225,1
4761,1
17195,1
14668,1
14755,1
17478,1
4103,1
16509,1
9441,1
6559,1
18915,1
11410,1
7046,1
8467,1
20075,1
16363,1
14478,1
9192,1
3052,1
5746,1
10055,1
15896,1
6784,1
6704,1
7856,1
4675,1
2912,1
3564,1
6772,1
21521,1
5972,1
9176,1
4800,1
5763,1
12752,1
9284,1
17203,1
1905,1
13049,1
17150,1
5588,1
15106,1
19990,1
50,1
16118,1
17373,1
8576,1
15135,1
9745,1
21580,1
19549,1
11125,1
8405,1
8106,1
14409,1
14728,1
20515,1
7375,1
10171,1
7538,1
4364,1
13230,1
20331,1
3605,1
605,1
14891,1
8035,1
7107,1
14479,1
20737,1
1830,1
8808,1
16726,1
3842,1
6708,1
3585,1
13905,1
13603,1
20183,1
1612,1
15513,1
17440,1
6902,1
13899,1
17509,1
9278,1
9371,1
20257,1
12633,1
6901,1
10159,1
19044,1
10874,1
8500,1
11522,1
16758,1
18477,1
9336,1
2241,1
9129,1
19232,1
4788,1
15134,1
9565,1
14911,1
13240,1
19565,1
13265,1
16316,1
2921,1
5992,1
1756,1
2844,1
17743,1
7920,1
9061,1
6609,1
12532,1
17523,1
1112,1
13991,1
11169,1
8670,1
14702,1
15295,1
10332,1
764,1
5011,1
2531,1
18107,1
2595,1
13376,1
3756,1
5007,1
13342,1
11248,1
2889,1
2219,1
19705,1
5886,1
1757,1
19371,1
4087,1
9623,1
5713,1
2119,1
18932,1
2448,1
5412,1
18279,1
16579,1
20319,1
10188,1
10258,1
9905,1
11265,1
7945,1
9464,1
4187,1
8130,1
14708,1
20445,1
6001,1
12774,1
12615,1
1265,1
20266,1
15838,1
10373,1
18450,1
16512,1
8426,1
3430,1
11174,1
6606,1
6648,1
16575,1
17922,1
8711,1
9557,1
9624,1
12772,1
15035,1
7668,1
3603,1
17162,1
6018,1
15983,1
10792,1
12973,1
7121,1
6556,1
18912,1
6209,1
10655,1
7024,1
5359,1
2126,1
8345,1
20156,1
14575,1
6308,1
15667,1
18058,1
11862,1
4146,1
6531,1
21532,1
14608,1
11011,1
19189,1
5694,1
6692,1
3174,1
11237,1
4690,1
13652,1
5487,1
21171,1
10416,1
3718,1
15865,1
20353,1
11834,1
7295,1
3415,1
16982,1
15381,1
21231,1
12114,1
6764,1
3339,1
14128,1
9894,1
4137,1
10962,1
10829,1
3161,1
17403,1
12517,1
3995,1
1965,1
11824,1
16845,1
1070,1
11565,1
8765,1
10813,1
18413,1
20710,1
5002,1
8514,1
4379,1
15691,1
4222,1
9088,1
16517,1
4439,1
6255,1
14125,1
3719,1
10037,1
16560,1
17796,1
1240,1
14893,1
17360,1
20733,1
4128,1
199,1
1165,1
6072,1
9358,1
20047,1
4425,1
5414,1
1644,1
21104,1
15296,1
1870,1
6909,1
19588,1
17401,1
12018,1
1841,1
16610,1
8218,1
21228,1
8099,1
291,1
4358,1
12450,1
7088,1
567,1
20957,1
3018,1
8304,1
18436,1
20473,1
3162,1
16139,1
17683,1
3904,1
7399,1
4199,1
8571,1
16424,1
2546,1
20471,1
2056,1
18586,1
2147,1
15711,1
17393,1
8046,1
16646,1
10178,1
12647,1
11837,1
20713,1
15482,1
11564,1
6580,1
14648,1
15703,1
18037,1
17936,1
8226,1
15767,1
16366,1
11499,1
8649,1
17537,1
12287,1
12079,1
14148,1
3906,1
10891,1
5850,1
9437,1
13038,1
4174,1
13201,1
15937,1
3077,1
10296,1
6754,1
10049,1
21020,1
1350,1
20532,1
10312,1
21340,1
17605,1
1420,1
8825,1
19785,1
19715,1
1181,1
5186,1
440,1
18681,1
11716,1
18121,1
350,1
11075,1
15155,1
12940,1
8022,1
3443,1
8928,1
14868,1
16435,1
8446,1
14554,1
3791,1
18692,1
3084,1
5579,1
3070,1
7521,1
130,1
11025,1
414,1
18864,1
16669,1
17896,1
11632,1
15195,1
8271,1
6721,1
6334,1
18669,1
20828,1
13939,1
12721,1
17805,1
19867,1
3395,1
9625,1
5940,1
7743,1
17550,1
11572,1
21453,1
10426,1
13891,1
5387,1
6180,1
632,1
9855,1
20,1
7941,1
15227,1
8648,1
7279,1
2584,1
17420,1
9573,1
10784,1
15848,1
17527,1
20657,1
13254,1
7175,1
19011,1
13058,1
20167,1
8677,1
13776,1
11994,1
3951,1
11393,1
10142,1
14928,1
13765,1
14277,1
18516,1
2060,1
14630,1
5153,1
5615,1
6158,1
5786,1
15646,1
685,1
11676,1
780,1
2161,1
13897,1
13682,1
14822,1
20759,1
11198,1
15451,1
8588,1
3540,1
14781,1
17753,1
5862,1
3794,1
4665,1
4804,1
12297,1
16783,1
48,1
11614,1
12118,1
9753,1
21296,1
13226,1
7998,1
18251,1
17674,1
2021,1
18837,1
6092,1
10495,1
12120,1
6755,1
11864,1
10470,1
8404,1
16107,1
16000,1
12057,1
10781,1
14448,1
20323,1
1259,1
19828,1
18542,1
6094,1
18549,1
6834,1
8484,1
8906,1
2639,1
3021,1
1083,1
19630,1
21223,1
19900,1
758,1
6436,1
10892,1
12363,1
7821,1
11327,1
17405,1
560,1
147,1
13712,1
12484,1
15511,1
244,1
4914,1
3734,1
19487,1
9011,1
13521,1
11708,1
2029,1
5464,1
1650,1
9758,1
8066,1
19184,1
10728,1
4277,1
2781,1
875,1
5446,1
19376,1
8162,1
1848,1
10586,1
1,1
16503,1
15464,1
20664,1
11097,1
7176,1
2228,1
3807,1
8216,1
8803,1
8161,1
4760,1
2356,1
8812,1
9005,1
4536,1
11078,1
20746,1
17470,1
7321,1
16219,1
20983,1
11537,1
6427,1
8453,1
10801,1
10324,1
4360,1
5328,1
3583,1
5699,1
9951,1
18910,1
18283,1
16356,1
13761,1
426,1
1221,1
16737,1
7664,1
10407,1
18813,1
6023,1
13437,1
14137,1
19936,1
15986,1
10610,1
8777,1
16878,1
9503,1
9171,1
7129,1
11895,1
17779,1
12961,1
13605,1
11942,1
20854,1
17081,1
7405,1
20161,1
4858,1
1462,1
1176,1
13357,1
15558,1
5170,1
6831,1
1677,1
17486,1
16097,1
12086,1
6724,1
18021,1
3426,1
16824,1
13662,1
6286,1
11544,1
11987,1
9473,1
10174,1
18308,1
13320,1
10399,1
9532,1
21088,1
13748,1
436,1
7357,1
18456,1
7946,1
18255,1
19482,1
15858,1
501,1
3998,1
10316,1
1362,1
9969,1
14920,1
15684,1
15521,1
1632,1
17917,1
14805,1
12200,1
15760,1
17245,1
6965,1
18509,1
2066,1
12475,1
15916,1
18148,1
18812,1
17120,1
16500,1
122,1
2710,1
20729,1
7791,1
4775,1
992,1
4900,1
7359,1
8535,1
20489,1
6344,1
1317,1
14270,1
1750,1
18762,1
11069,1
12875,1
15442,1
8921,1
7087,1
3085,1
8721,1
6666,1
8776,1
18460,1
12564,1
1254,1
21078,1
18906,1
15535,1
13504,1
8104,1
1136,1
3244,1
11916,1
5818,1
15795,1
1587,1
5608,1
1460,1
13384,1
14430,1
2715,1
2737,1
21162,1
17799,1
2765,1
17638,1
17735,1
6938,1
6549,1
20634,1
17693,1
15477,1
11973,1
5016,1
20146,1
13122,1
5876,1
19968,1
14845,1
13670,1
1832,1
20802,1
12012,1
12831,1
12074,1
11878,1
8251,1
19817,1
18489,1
17681,1
17911,1
7896,1
20611,1
11251,1
16478,1
1044,1
12987,1
16041,1
16780,1
10868,1
19256,1
10147,1
7560,1
11431,1
5216,1
12210,1
2230,1
21076,1
2763,1
10014,1
10487,1
4500,1
3320,1
16135,1
3064,1
10966,1
6920,1
4405,1
2395,1
4842,1
14064,1
18887,1
19468,1
3946,1
5344,1
1327,1
6602,1
4601,1
12422,1
17672,1
18368,1
10994,1
5385,1
8417,1
20861,1
9326,1
225,1
3684,1
15751,1
2534,1
19316,1
8560,1
2049,1
1625,1
2366,1
19810,1
2099,1
5654,1
6729,1
18853,1
20190,1
2656,1
5620,1
7692,1
3473,1
940,1
8704,1
184,1
10918,1
6281,1
1925,1
11941,1
7740,1
20939,1
10144,1
17019,1
1510,1
16129,1
16115,1
19745,1
16707,1
2002,1
9404,1
8459,1
19739,1
3798,1
7956,1
5971,1
8180,1
19880,1
13571,1
10434,1
17004,1
6459,1
19399,1
13620,1
15443,1
8866,1
21330,1
8032,1
5413,1
18097,1
9026,1
4152,1
17349,1
16585,1
7126,1
2166,1
8887,1
16355,1
19731,1
2690,1
12497,1
6149,1
7676,1
4697,1
17793,1
10771,1
4414,1
19998,1
15126,1
8689,1
21345,1
7999,1
4389,1
21245,1
918,1
1084,1
16204,1
18454,1
6382,1
2538,1
6491,1
15212,1
12638,1
19458,1
14913,1
6225,1
2175,1
4009,1
19756,1
19325,1
3613,1
1053,1
20880,1
21595,1
6457,1
15383,1
17106,1
8117,1
973,1
7975,1
11995,1
19839,1
1390,1
6050,1
371,1
8200,1
20851,1
998,1
20816,1
1194,1
3065,1
2131,1
19196,1
2134,1
15931,1
7979,1
18576,1
15298,1
16234,1
6971,1
21373,1
5545,1
9683,1
19914,1
7997,1
18332,1
13180,1
6114,1
8487,1
9974,1
18042,1
3747,1
21102,1
20721,1
6358,1
12400,1
20745,1
18803,1
6146,1
8559,1
20976,1
7438,1
16829,1
14498,1
7465,1
2484,1
9288,1
9411,1
9296,1
17927,1
20804,1
14652,1
19213,1
6461,1
19486,1
8112,1
8890,1
15229,1
3676,1
19037,1
15159,1
2850,1
103,1
14201,1
1719,1
10283,1
15025,1
9646,1
11449,1
6598,1
16247,1
16304,1
15712,1
1753,1
18856,1
10848,1
14994,1
274,1
536,1
8088,1
14257,1
18638,1
14977,1
2446,1
11392,1
976,1
19287,1
14814,1
20427,1
14482,1
2217,1
9454,1
21184,1
16341,1
10172,1
10973,1
3243,1
18196,1
10066,1
1256,1
6779,1
1131,1
8149,1
11807,1
6570,1
13619,1
11685,1
5061,1
5352,1
14650,1
5758,1
3509,1
1365,1
1834,1
18442,1
10091,1
16433,1
9686,1
3701,1
131,1
15731,1
14808,1
21014,1
7137,1
8480,1
14981,1
1893,1
14292,1
18928,1
6996,1
14965,1
14313,1
11952,1
4772,1
11153,1
9735,1
15434,1
2301,1
3108,1
3943,1
6299,1
13385,1
13825,1
21466,1
10234,1
15749,1
19510,1
4093,1
11189,1
11034,1
4923,1
18839,1
15675,1
19617,1
16753,1
3349,1
14995,1
8314,1
15869,1
463,1
2349,1
11422,1
12990,1
8023,1
14105,1
14854,1
19877,1
553,1
18378,1
10131,1
1904,1
20835,1
8985,1
9292,1
10497,1
18052,1
1964,1
7190,1
6055,1
18459,1
19606,1
1747,1
19842,1
10463,1
4784,1
18239,1
12263,1
2543,1
6479,1
17157,1
5000,1
5299,1
468,1
19284,1
19718,1
14646,1
4004,1
185,1
5573,1
16807,1
6230,1
17113,1
21033,1
100,1
18462,1
7559,1
19346,1
7600,1
2869,1
864,1
17964,1
1768,1
257,1
13434,1
9514,1
1349,1
8653,1
14982,1
19507,1
18348,1
6234,1
8631,1
4083,1
10054,1
972,1
5204,1
17850,1
6918,1
20896,1
7844,1
2087,1
13095,1
7509,1
2983,1
8843,1
1081,1
2805,1
5028,1
3487,1
21472,1
16463,1
10334,1
8720,1
10004,1
20122,1
11975,1
13048,1
5923,1
10375,1
7394,1
12059,1
15076,1
10938,1
9764,1
18633,1
1595,1
15506,1
2798,1
2371,1
20716,1
15556,1
9806,1
15560,1
20433,1
12137,1
13448,1
17678,1
12425,1
17096,1
19865,1
10357,1
17243,1
13459,1
19934,1
17080,1
6464,1
1380,1
6693,1
15473,1
11386,1
13795,1
2061,1
10237,1
2527,1
10787,1
8802,1
5832,1
6289,1
17107,1
16456,1
8792,1
14969,1
18971,1
4073,1
15968,1
10922,1
18287,1
5697,1
16518,1
13657,1
2920,1
9064,1
554,1
8669,1
1185,1
10719,1
4274,1
7632,1
19977,1
7554,1
5954,1
5473,1
14457,1
641,1
6928,1
1357,1
1055,1
15249,1
3377,1
3686,1
19986,1
10044,1
21343,1
20071,1
20327,1
16337,1
9054,1
13280,1
2294,1
11489,1
18243,1
1167,1
2757,1
3614,1
11309,1
15181,1
14159,1
15518,1
14907,1
7881,1
13592,1
21602,1
3664,1
18560,1
1903,1
15855,1
16626,1
15293,1
1087,1
21575,1
16511,1
1021,1
7654,1
12872,1
14774,1
2697,1
10851,1
15716,1
4655,1
20726,1
389,1
369,1
14355,1
11744,1
15123,1
6992,1
16353,1
13424,1
10148,1
12747,1
11590,1
2319,1
19966,1
6365,1
13904,1
20675,1
15334,1
4513,1
8769,1
13029,1
21095,1
10589,1
19590,1
13028,1
6932,1
13921,1
9941,1
2819,1
15168,1
1303,1
2741,1
4479,1
20550,1
6839,1
2753,1
14167,1
18519,1
5523,1
13751,1
9327,1
1383,1
114,1
9866,1
8054,1
11032,1
18780,1
18610,1
15329,1
4446,1
19363,1
14895,1
5769,1
12225,1
15873,1
9784,1
6977,1
19972,1
8602,1
13701,1
392,1
6057,1
9678,1
16596,1
17718,1
20909,1
8638,1
5761,1
136,1
15879,1
10297,1
11269,1
12458,1
13740,1
10084,1
16750,1
4917,1
13210,1
8202,1
7108,1
10676,1
20144,1
2167,1
11157,1
8109,1
11477,1
4150,1
9185,1
11525,1
15084,1
13186,1
3416,1
10362,1
439,1
17463,1
18464,1
18699,1
4863,1
11925,1
6892,1
19411,1
5751,1
17953,1
7473,1
12515,1
11803,1
12127,1
10721,1
3340,1
30,1
1901,1
3800,1
15970,1
14400,1
5773,1
20003,1
2282,1
15065,1
14472,1
3288,1
16477,1
9603,1
8152,1
680,1
6873,1
9989,1
3360,1
14279,1
2828,1
1159,1
13807,1
19640,1
5208,1
385,1
2179,1
21152,1
3105,1
20249,1
10353,1
1322,1
6073,1
4465,1
11088,1
11496,1
12428,1
2214,1
11007,1
7409,1
15822,1
19145,1
10318,1
21323,1
11204,1
12233,1
15374,1
11333,1
893,1
9770,1
19735,1
11417,1
19139,1
1781,1
7500,1
19714,1
11898,1
20048,1
8004,1
665,1
14372,1
4290,1
4792,1
586,1
10837,1
8343,1
19769,1
8672,1
1352,1
8668,1
4464,1
18199,1
17522,1
17034,1
13284,1
20339,1
19440,1
6745,1
15487,1
18365,1
15332,1
7561,1
9903,1
1860,1
9248,1
20448,1
1103,1
2041,1
2730,1
18355,1
4993,1
14098,1
17055,1
19071,1
20825,1
10864,1
6426,1
14439,1
7827,1
7741,1
11120,1
19451,1
7983,1
7853,1
2642,1
7570,1
4036,1
18045,1
2360,1
11869,1
13949,1
434,1
290,1
1040,1
8636,1
3307,1
5202,1
7132,1
12444,1
16386,1
11051,1
3986,1
19787,1
4941,1
3371,1
4441,1
13433,1
4703,1
19819,1
6075,1
6061,1
12241,1
8554,1
19965,1
21055,1
10293,1
9724,1
12202,1
161,1
6513,1
14324,1
20044,1
711,1
11151,1
9568,1
151,1
16428,1
19059,1
3541,1
18077,1
9551,1
18956,1
8349,1
10408,1
12094,1
7581,1
19625,1
8562,1
8737,1
4476,1
16487,1
9319,1
7762,1
2762,1
18981,1
6170,1
15748,1
3939,1
9004,1
6778,1
1323,1
6688,1
20101,1
13332,1
6403,1
14438,1
19506,1
117,1
17011,1
6544,1
9628,1
16722,1
1158,1
21572,1
10783,1
15176,1
9331,1
17414,1
19871,1
13576,1
3793,1
20690,1
1302,1
3827,1
12189,1
15768,1
20529,1
17958,1
15559,1
2578,1
13960,1
11854,1
16001,1
18822,1
860,1
13528,1
1658,1
12665,1
13934,1
3173,1
16730,1
12302,1
9768,1
9582,1
15004,1
5824,1
15648,1
9693,1
9942,1
6717,1
19333,1
15862,1
17222,1
17923,1
18346,1
1997,1
20748,1
12249,1
17540,1
13993,1
14261,1
8974,1
19941,1
4003,1
4091,1
7696,1
16462,1
19882,1
11701,1
19747,1
16284,1
12474,1
3746,1
17982,1
1367,1
17555,1
10906,1
5574,1
13565,1
20268,1
170,1
20221,1
8214,1
9211,1
19260,1
14537,1
15974,1
5131,1
411,1
21087,1
7539,1
7337,1
150,1
3184,1
8690,1
95,1
11770,1
10471,1
5936,1
17761,1
16216,1
13824,1
9386,1
14583,1
1548,1
10584,1
16794,1
8545,1
5066,1
13895,1
14385,1
12283,1
19438,1
20121,1
3897,1
18729,1
17503,1
14228,1
16924,1
11140,1
5081,1
2006,1
15417,1
13363,1
7070,1
19251,1
16310,1
2044,1
21317,1
6500,1
1690,1
14612,1
8282,1
15396,1
20694,1
10629,1
3447,1
20936,1
12846,1
1531,1
15951,1
965,1
1550,1
6419,1
8060,1
13872,1
16715,1
7158,1
17015,1
17876,1
13617,1
1379,1
16983,1
5333,1
16779,1
19631,1
2789,1
1775,1
20792,1
8471,1
2139,1
18337,1
16401,1
7105,1
21177,1
4007,1
18527,1
4271,1
19188,1
16871,1
11203,1
2816,1
12735,1
18024,1
326,1
1999,1
14096,1
13257,1
7852,1
8868,1
12480,1
2925,1
18392,1
989,1
5765,1
9493,1
16933,1
12968,1
5754,1
5884,1
31,1
18197,1
1695,1
6718,1
8038,1
18545,1
10447,1
10384,1
18930,1
4621,1
16545,1
21001,1
18533,1
5851,1
10731,1
14528,1
2042,1
8948,1
18802,1
1640,1
2103,1
11222,1
17711,1
9976,1
21584,1
15729,1
16396,1
5144,1
16018,1
16551,1
20346,1
8747,1
3037,1
13680,1
17379,1
20250,1
8008,1
8863,1
15505,1
12998,1
9689,1
21353,1
1649,1
2286,1
8181,1
729,1
18724,1
17201,1
21321,1
3837,1
10865,1
4148,1
18989,1
1361,1
9958,1
793,1
14736,1
4503,1
7444,1
10754,1
10734,1
11183,1
15890,1
39,1
3752,1
1507,1
18678,1
17426,1
15632,1
5461,1
3003,1
5228,1
16570,1
16868,1
13828,1
7044,1
9710,1
21130,1
1099,1
9575,1
7053,1
9607,1
9778,1
19134,1
8073,1
8771,1
18186,1
2914,1
16079,1
8946,1
15359,1
313,1
19964,1
9929,1
8527,1
7733,1
13813,1
6463,1
16013,1
9795,1
255,1
7894,1
529,1
11631,1
7470,1
8332,1
10313,1
20041,1
10642,1
14976,1
19833,1
779,1
13130,1
14345,1
771,1
20950,1
179,1
19001,1
9452,1
20790,1
13997,1
14640,1
10888,1
10183,1
4984,1
15445,1
2480,1
18833,1
18840,1
20837,1
16060,1
13667,1
393,1
18628,1
5484,1
5455,1
13880,1
11894,1
7785,1
11504,1
16805,1
13368,1
11948,1
3602,1
6509,1
4570,1
11118,1
10290,1
18265,1
5662,1
1023,1
453,1
9587,1
3932,1
17399,1
443,1
12860,1
17762,1
12034,1
12203,1
6042,1
15677,1
5062,1
16800,1
5327,1
10986,1
8334,1
1272,1
9222,1
18752,1
20672,1
5996,1
19429,1
941,1
8763,1
15543,1
19672,1
5956,1
5889,1
16843,1
3103,1
378,1
11524,1
5706,1
3197,1
13462,1
3130,1
7386,1
6931,1
12213,1
5169,1
1711,1
19367,1
3552,1
15142,1
14428,1
16286,1
12809,1
1252,1
16690,1
9994,1
19173,1
18564,1
1538,1
21182,1
16224,1
20929,1
86,1
17164,1
168,1
6731,1
7074,1
16670,1
8323,1
6891,1
21128,1
3502,1
782,1
1468,1
7540,1
2339,1
4216,1
12078,1
21241,1
6379,1
17336,1
14215,1
4404,1
15379,1
2530,1
12931,1
2149,1
16008,1
12342,1
5411,1
14898,1
18657,1
10078,1
1124,1
17488,1
2259,1
4283,1
650,1
5265,1
16993,1
19795,1
13273,1
4260,1
9948,1
3689,1
8987,1
18408,1
148,1
12771,1
14021,1
8492,1
12144,1
1401,1
6650,1
7730,1
18068,1
18179,1
14443,1
10861,1
17686,1
19780,1
9349,1
7050,1
1129,1
3743,1
19685,1
21582,1
21099,1
1032,1
2541,1
1961,1
13377,1
14013,1
9684,1
6857,1
16394,1
16912,1
14185,1
944,1
19786,1
10002,1
19342,1
5683,1
6119,1
14726,1
11212,1
6181,1
15788,1
11129,1
18295,1
3224,1
11001,1
535,1
4204,1
7883,1
7771,1
14831,1
12671,1
15843,1
17334,1
13053,1
6492,1
15237,1
4922,1
16225,1
13237,1
16859,1
20738,1
5284,1
15541,1
20153,1
16643,1
7073,1
20764,1
8580,1
8889,1
13992,1
3229,1
2083,1
11012,1
5578,1
20165,1
2836,1
16634,1
7843,1
11308,1
15044,1
1752,1
14080,1
13733,1
4550,1
18235,1
9887,1
10674,1
3417,1
18790,1
2596,1
20412,1
6643,1
18705,1
17573,1
10847,1
11273,1
11569,1
53,1
5459,1
17424,1
18594,1
2675,1
20573,1
16283,1
4380,1
6070,1
19513,1
6628,1
9047,1
18691,1
14892,1
11274,1
15466,1
1454,1
13234,1
4243,1
10633,1
6949,1
9510,1
6512,1
12791,1
12825,1
3740,1
9237,1
14182,1
17729,1
16496,1
21305,1
3032,1
15312,1
1110,1
7712,1
15144,1
9721,1
15178,1
10828,1
1836,1
6304,1
12960,1
18248,1
14403,1
20174,1
343,1
4142,1
14570,1
712,1
4017,1
20200,1
7544,1
8469,1
18916,1
21426,1
17913,1
6631,1
17122,1
13238,1
2384,1
17558,1
4632,1
20472,1
13472,1
5353,1
4406,1
6613,1
5828,1
20053,1
9359,1
15017,1
12223,1
1741,1
4884,1
21363,1
19246,1
14979,1
7520,1
599,1
13199,1
17880,1
345,1
11608,1
19889,1
20772,1
21519,1
4755,1
8047,1
5927,1
19480,1
16639,1
8092,1
10367,1
705,1
16331,1
5286,1
13193,1
8305,1
9766,1
10006,1
18173,1
811,1
8342,1
19666,1
7584,1
1861,1
15409,1
20665,1
11008,1
16407,1
13010,1
14673,1
14820,1
186,1
17830,1
3292,1
4214,1
2382,1
11382,1
6762,1
11100,1
2944,1
13242,1
10125,1
20051,1
6989,1
2032,1
12802,1
10197,1
20580,1
15069,1
19897,1
10751,1
15829,1
11158,1
551,1
15512,1
486,1
20476,1
10793,1
7400,1
20054,1
3912,1
6858,1
9016,1
11467,1
8296,1
15340,1
6899,1
1313,1
9150,1
19931,1
8169,1
7602,1
13291,1
15519,1
3931,1
14320,1
5965,1
9731,1
15236,1
9323,1
5520,1
18798,1
5533,1
11605,1
21587,1
19250,1
1621,1
17030,1
12829,1
9996,1
21509,1
4684,1
20097,1
21271,1
19479,1
19460,1
16628,1
20705,1
1599,1
12988,1
7420,1
2705,1
10411,1
5864,1
3303,1
16638,1
20668,1
9362,1
19058,1
1328,1
2666,1
12759,1
10123,1
2567,1
20876,1
10573,1
5784,1
13923,1
5406,1
16724,1
9988,1
19690,1
16914,1
21325,1
13944,1
18335,1
4284,1
15619,1
20477,1
9559,1
3738,1
18050,1
15080,1
16086,1
8481,1
4454,1
8746,1
19985,1
19382,1
7620,1
4247,1
6398,1
20440,1
16654,1
14861,1
10939,1
20801,1
3532,1
16333,1
4066,1
20516,1
14804,1
17177,1
10996,1
17071,1
9846,1
3194,1
8294,1
5802,1
19042,1
9173,1
8693,1
7203,1
6904,1
4139,1
13060,1
8228,1
6466,1
10866,1
9475,1
3976,1
15895,1
9145,1
11792,1
20667,1
20528,1
158,1
11831,1
191,1
3716,1
2590,1
8157,1
16899,1
1932,1
15801,1
21433,1
13547,1
15278,1
6328,1
19151,1
21431,1
11694,1
4219,1
13301,1
8013,1
18185,1
3127,1
11811,1
12634,1
20164,1
17186,1
16718,1
9157,1
14757,1
6173,1
16180,1
5827,1
15479,1
13251,1
12984,1
9641,1
14677,1
3781,1
442,1
15581,1
10895,1
14963,1
15153,1
16754,1
11364,1
6993,1
19309,1
11002,1
2447,1
702,1
19083,1
12641,1
15699,1
9370,1
6447,1
2927,1
6539,1
20029,1
15955,1
2898,1
400,1
8964,1
15693,1
19254,1
21564,1
18832,1
6465,1
1373,1
12942,1
7548,1
18430,1
17817,1
954,1
12217,1
10530,1
14214,1
1708,1
16775,1
6921,1
5435,1
4620,1
9906,1
15527,1
449,1
21051,1
10565,1
16307,1
7765,1
16010,1
11853,1
19669,1
2662,1
20276,1
20589,1
3324,1
14697,1
16984,1
19488,1
9314,1
7992,1
18455,1
17230,1
10063,1
8331,1
549,1
15163,1
19277,1
6327,1
18236,1
12669,1
6574,1
14229,1
18215,1
6922,1
10596,1
20043,1
17392,1
5210,1
12023,1
286,1
16701,1
17544,1
20022,1
18522,1
16964,1
12994,1
5736,1
15998,1
1700,1
20919,1
1963,1
18872,1
21440,1
13804,1
14315,1
3733,1
3109,1
4670,1
19300,1
14762,1
5939,1
21057,1
14585,1
3319,1
18964,1
12140,1
18719,1
19783,1
17680,1
8626,1
596,1
11453,1
1399,1
4054,1
18353,1
13915,1
13835,1
4313,1
9010,1
13288,1
6014,1
523,1
2966,1
17368,1
1484,1
6043,1
4724,1
10830,1
13784,1
19652,1
16827,1
12982,1
8552,1
3501,1
16398,1
4529,1
11430,1
10852,1
18160,1
634,1
19802,1
9596,1
12386,1
20213,1
11389,1
10521,1
16192,1
17548,1
5966,1
18940,1
12035,1
3582,1
15923,1
4977,1
19243,1
15692,1
11703,1
7720,1
18793,1
4165,1
13930,1
14823,1
4097,1
13225,1
4469,1
3028,1
3638,1
8094,1
18309,1
4830,1
15261,1
6078,1
21436,1
18925,1
17356,1
11529,1
12595,1
462,1
12301,1
20688,1
9833,1
8019,1
2169,1
20539,1
19942,1
17389,1
15101,1
10958,1
15666,1
14127,1
1173,1
18507,1
4572,1
1864,1
6689,1
16084,1
20318,1
10398,1
8994,1
13418,1
14565,1
14357,1
12113,1
5197,1
21539,1
7595,1
6769,1
3572,1
17602,1
12255,1
12672,1
15847,1
15371,1
4549,1
5963,1
4448,1
10425,1
10525,1
8388,1
13358,1
15452,1
3386,1
19187,1
14625,1
11367,1
8959,1
21050,1
17331,1
5252,1
11653,1
3056,1
6068,1
2948,1
18127,1
2716,1
7895,1
17158,1
180,1
13042,1
14077,1
16119,1
13272,1
8001,1
11747,1
4235,1
1563,1
8871,1
6067,1
14417,1
4095,1
13426,1
11343,1
11187,1
8352,1
9803,1
19847,1
14946,1
490,1
11473,1
20381,1
9311,1
1915,1
14973,1
17017,1
20841,1
17857,1
9843,1
10678,1
20351,1
1374,1
8486,1
3548,1
6034,1
20314,1
7777,1
7026,1
6056,1
1739,1
1504,1
804,1
2190,1
10809,1
8738,1
16454,1
1412,1
7144,1
10138,1
17224,1
8204,1
19683,1
9272,1
8190,1
308,1
1153,1
16253,1
881,1
17236,1
10168,1
8901,1
13162,1
2331,1
8340,1
18401,1
3145,1
13788,1
1664,1
6608,1
7591,1
11278,1
16956,1
9,1
13144,1
19639,1
12673,1
10088,1
4193,1
5855,1
10643,1
14272,1
17049,1
8688,1
14362,1
7590,1
10191,1
5285,1
3952,1
17021,1
3219,1
10704,1
9774,1
11706,1
4962,1
11552,1
19826,1
18850,1
19353,1
12797,1
11250,1
3799,1
3850,1
1236,1
8794,1
9701,1
10507,1
18896,1
10929,1
19768,1
11053,1
6183,1
8010,1
11738,1
16667,1
15232,1
5829,1
10462,1
19761,1
13347,1
15418,1
10957,1
8069,1
15105,1
18565,1
5995,1
7732,1
9102,1
18599,1
10695,1
16601,1
9170,1
9504,1
9234,1
19443,1
19963,1
11742,1
2575,1
1243,1
9071,1
14947,1
10546,1
16996,1
17076,1
1874,1
19029,1
9253,1
17179,1
9983,1
267,1
19481,1
20839,1
12110,1
13715,1
19815,1
7871,1
6743,1
1627,1
16451,1
15317,1
13952,1
10317,1
12485,1
6397,1
21449,1
14130,1
1417,1
3211,1
13502,1
5220,1
16466,1
9531,1
8701,1
11366,1
10547,1
15493,1
17949,1
13573,1
8119,1
17443,1
15724,1
14410,1
15762,1
6223,1
6939,1
21405,1
14944,1
9135,1
16130,1
16784,1
13250,1
6197,1
13279,1
13032,1
18829,1
754,1
18575,1
16530,1
2053,1
13304,1
1494,1
16757,1
8922,1
2394,1
13931,1
1831,1
21168,1
10688,1
10807,1
7005,1
1540,1
5088,1
10015,1
5348,1
13532,1
12483,1
15939,1
13608,1
18581,1
8702,1
19765,1
4808,1
13275,1
15770,1
11433,1
11956,1
12155,1
12441,1
1713,1
21468,1
2970,1
5625,1
6117,1
2629,1
2267,1
16772,1
9361,1
3451,1
20283,1
12050,1
10785,1
17855,1
6112,1
14184,1
4989,1
2207,1
11148,1
9752,1
1054,1
18939,1
2168,1
16025,1
1020,1
7269,1
12690,1
8080,1
14375,1
5014,1
19242,1
5454,1
17767,1
8999,1
1293,1
829,1
2154,1
1535,1
8654,1
9279,1
12464,1
3418,1
21225,1
953,1
14290,1
17168,1
7367,1
12579,1
16842,1
20362,1
13360,1
9450,1
7183,1
9597,1
18776,1
9194,1
8818,1
7299,1
2524,1
7836,1
18423,1
5979,1
16738,1
3517,1
18187,1
8409,1
10670,1
3343,1
9789,1
19953,1
3965,1
825,1
11615,1
19092,1
9120,1
14866,1
2720,1
7557,1
10561,1
1810,1
13314,1
9872,1
5496,1
1168,1
9990,1
3223,1
20697,1
85,1
15905,1
18712,1
7155,1
15419,1
17140,1
10578,1
12413,1
3221,1
10349,1
13283,1
14483,1
17350,1
19076,1
7351,1
15262,1
5901,1
13854,1
11606,1
7084,1
19088,1
12289,1
15241,1
8477,1
10057,1
5302,1
2316,1
16235,1
15407,1
3167,1
11064,1
15707,1
6698,1
17232,1
6738,1
15630,1
9732,1
1648,1
18022,1
5030,1
7169,1
12430,1
14580,1
7120,1
16327,1
10877,1
3347,1
14746,1
10153,1
5822,1
3685,1
17742,1
2495,1
12694,1
6740,1
9436,1
9267,1
3499,1
11974,1
15720,1
9381,1
9106,1
17320,1
18512,1
6553,1
13074,1
1978,1
7897,1
12902,1
15617,1
16876,1
5835,1
448,1
2626,1
15938,1
5036,1
11107,1
21188,1
9183,1
2942,1
2288,1
3578,1
7289,1
20259,1
527,1
4440,1
17376,1
19357,1
18441,1
18011,1
9500,1
15141,1
8617,1
9457,1
10151,1
13985,1
12793,1
12204,1
15792,1
14886,1
17259,1
9028,1
18302,1
9852,1
15276,1
971,1
20781,1
18936,1
21322,1
17748,1
9998,1
3829,1
3620,1
13829,1
7384,1
18814,1
19069,1
18974,1
3466,1
1415,1
4363,1
10815,1
15161,1
1602,1
20998,1
2685,1
11245,1
14783,1
20081,1
10930,1
20136,1
1885,1
17321,1
10372,1
365,1
10320,1
20487,1
1128,1
1300,1
8611,1
2012,1
13552,1
5080,1
20695,1
5854,1
11911,1
8913,1
4144,1
3581,1
6239,1
8772,1
1231,1
18899,1
7769,1
18557,1
19527,1
6013,1
12108,1
12559,1
6428,1
2664,1
3027,1
15154,1
4765,1
7117,1
5341,1
18584,1
19249,1
5509,1
20023,1
10592,1
6926,1
18025,1
11594,1
12248,1
16978,1
18767,1
5326,1
8536,1
5174,1
15960,1
5339,1
15655,1
6649,1
10305,1
2376,1
7797,1
7826,1
8977,1
3742,1
5276,1
11887,1
12104,1
20437,1
14665,1
16656,1
10617,1
1717,1
12017,1
16860,1
16987,1
873,1
3088,1
4179,1
19347,1
7195,1
9962,1
2171,1
20702,1
8888,1
6592,1
3178,1
14299,1
14015,1
15416,1
14303,1
12162,1
21581,1
2734,1
3425,1
18216,1
13011,1
3346,1
15996,1
15763,1
13772,1
4255,1
12212,1
1283,1
3009,1
14719,1
17216,1
15,1
5849,1
4951,1
2899,1
3036,1
12141,1
15201,1
6131,1
8805,1
15003,1
20112,1
19421,1
12452,1
10444,1
19926,1
20754,1
2707,1
2967,1
10441,1
8068,1
15725,1
18167,1
6,1
8791,1
17689,1
5193,1
12523,1
19226,1
15005,1
16651,1
15269,1
8612,1
19974,1
9179,1
15810,1
16693,1
18629,1
19381,1
3492,1
15077,1
2015,1
9953,1
7673,1
7318,1
5051,1
7575,1
20681,1
4029,1
14294,1
14863,1
14109,1
2993,1
3858,1
19207,1
3616,1
9224,1
5251,1
18653,1
3141,1
1262,1
16532,1
19090,1
13008,1
11523,1
20358,1
18417,1
5659,1
18276,1
4875,1
20814,1
8128,1
588,1
20964,1
10467,1
16045,1
18409,1
6263,1
7365,1
13796,1
21392,1
19165,1
16197,1
15140,1
6410,1
16437,1
4885,1
9688,1
7419,1
13325,1
2419,1
2549,1
21054,1
17789,1
20608,1
2623,1
1742,1
10493,1
11657,1
5690,1
5730,1
15565,1
6715,1
4619,1
7889,1
10474,1
14610,1
19185,1
6969,1
476,1
11821,1
16590,1
2714,1
10702,1
11234,1
10955,1
14881,1
5557,1
21568,1
2068,1
20783,1
9639,1
4099,1
1631,1
11542,1
8750,1
1639,1
1572,1
8414,1
1673,1
6237,1
509,1
4082,1
15948,1
9426,1
4611,1
1377,1
15252,1
5610,1
15706,1
7608,1
13235,1
12299,1
5240,1
3721,1
8007,1
15038,1
20535,1
2404,1
6103,1
17879,1
418,1
222,1
4281,1
7626,1
18585,1
17287,1
21478,1
6825,1
2117,1
1066,1
8544,1
10093,1
9317,1
270,1
15549,1
16140,1
17977,1
15086,1
3979,1
2928,1
20017,1
7737,1
16519,1
9032,1
18334,1
14934,1
2846,1
4835,1
10301,1
1310,1
12546,1
14174,1
3723,1
5719,1
4893,1
8675,1
7867,1
17299,1
4935,1
12379,1
1726,1
11450,1
18014,1
18084,1
9165,1
17166,1
18473,1
15022,1
3654,1
16302,1
3985,1
8655,1
11668,1
4878,1
8817,1
3435,1
6725,1
6514,1
11927,1
5634,1
15635,1
16152,1
4267,1
10498,1
10193,1
616,1
16562,1
787,1
15330,1
10853,1
6785,1
3513,1
2913,1
8195,1
3731,1
16293,1
8645,1
13707,1
14285,1
15467,1
5270,1
8639,1
5814,1
8403,1
932,1
20595,1
7432,1
10603,1
9218,1
1271,1
6634,1
7924,1
14480,1
3462,1
4926,1
3758,1
8189,1
7199,1
6323,1
17408,1
6997,1
10622,1
16322,1
9477,1
12662,1
7011,1
16104,1
5040,1
19634,1
21249,1
14011,1
15033,1
6487,1
2307,1
20975,1
4849,1
16282,1
3947,1
2312,1
4056,1
984,1
1321,1
4629,1
13539,1
9065,1
20707,1
8911,1
17090,1
18620,1
19539,1
10833,1
21376,1
12912,1
20724,1
14367,1
13170,1
15973,1
12408,1
2895,1
6489,1
5082,1
1226,1
10533,1
62,1
9057,1
17386,1
13096,1
6432,1
5616,1
3629,1
18400,1
18577,1
1511,1
8086,1
9138,1
11355,1
5550,1
21491,1
9266,1
13910,1
10445,1
12692,1
14614,1
112,1
1642,1
1444,1
6995,1
20971,1
12278,1
9896,1
4041,1
20632,1
18704,1
7173,1
20966,1
5817,1
8832,1
5031,1
8311,1
14837,1
19857,1
16653,1
8194,1
5029,1
3427,1
12864,1
379,1
6246,1
12491,1
16555,1
15713,1
3146,1
14572,1
4055,1
6396,1
2174,1
7207,1
11892,1
14160,1
4634,1
2266,1
4008,1
4624,1
6833,1
10113,1
